<?xml version="1.0" encoding="UTF-8"?>
<project-private xmlns="http://www.netbeans.org/ns/project-private/1">
    <editor-bookmarks xmlns="http://www.netbeans.org/ns/editor-bookmarks/2" lastBookmarkId="0"/>
    <open-files xmlns="http://www.netbeans.org/ns/projectui-open-files/2">
        <group>
            <file>file:/C:/Users/User/Documents/NetBeansProjects/Library%20Management%20System/src/About.java</file>
            <file>file:/C:/Users/User/Documents/NetBeansProjects/Library%20Management%20System/src/Students.java</file>
            <file>file:/C:/Users/User/Documents/NetBeansProjects/Library%20Management%20System/src/Statictis.java</file>
            <file>file:/C:/Users/User/Documents/NetBeansProjects/Library%20Management%20System/src/Forgot.java</file>
            <file>file:/C:/Users/User/Documents/NetBeansProjects/Library%20Management%20System/src/ReturnBook.java</file>
            <file>file:/C:/Users/User/Documents/NetBeansProjects/Library%20Management%20System/src/NewAccount.java</file>
            <file>file:/C:/Users/User/Documents/NetBeansProjects/Library%20Management%20System/src/Home.java</file>
            <file>file:/C:/Users/User/Documents/NetBeansProjects/Library%20Management%20System/src/IssueBook.java</file>
            <file>file:/C:/Users/User/Documents/NetBeansProjects/Library%20Management%20System/src/Books.java</file>
            <file>file:/C:/Users/User/Documents/NetBeansProjects/Library%20Management%20System/src/Login.java</file>
            <file>file:/C:/Users/User/Documents/NetBeansProjects/Library%20Management%20System/src/AddBook.java</file>
            <file>file:/C:/Users/User/Documents/NetBeansProjects/Library%20Management%20System/src/javaconnect.java</file>
            <file>file:/C:/Users/User/Documents/NetBeansProjects/Library%20Management%20System/src/AddStudent.java</file>
        </group>
    </open-files>
</project-private>
